,wa_id,Crowdfunding,Lien,Don,Nb Tipers,Temps
0,827244,tipeee,https://www.tipeee.com/ben-n-coâ\x80\x8bâ\x80\x8bâ\x80\x8bâ\x80\x8bâ\x80\x8bâ\x80\x8bâ\x80\x8b,[],[],2022-04-14 20:18:14.962664
1,472023,tipeee,https://www.numerama.com/politique/737996-contenus-extremes-complotisme-utip-est-il-plus-ethique-que-tipeee.html,[],[],2022-04-14 20:18:21.234342
2,492762,tipeee,https://fr.tipeee.com/naturi-ebene,[],19,2022-04-14 20:18:26.950787
3,1194593,tipeee,https://www.tipeee.com/snir-gaming,€0,0,2022-04-14 20:18:32.711367
4,1638391,tipeee,https://fr.tipeee.com/herve-body-concept,0 €,0,2022-04-14 20:18:38.964296
5,711734,tipeee,https://www.tipeee.com/wonder-hook,€0,0,2022-04-14 20:18:44.737825
6,807867,tipeee,https://fr.tipeee.com/cypaubr,0 €,0,2022-04-14 20:18:51.027338
7,2196974,tipeee,https://fr.tipeee.com/prise-at-sensation,0 €,0,2022-04-14 20:18:56.615766
8,1937099,tipeee,https://fr.tipeee.com/yoshushikaofficiel,0 €,0,2022-04-14 20:19:02.293476
9,2196077,tipeee,https://www.tipeee.com/sarayah-le-testeur-inde,€0,0,2022-04-14 20:19:07.891088
10,2276626,tipeee,https://www.tipeee.com/dk-1,€0,0,2022-04-14 20:19:13.663359
11,2209794,tipeee,https://www.tipeee.com/l-apaise,[],9,2022-04-14 20:19:19.405762
12,151536,tipeee,https://fr.tipeee.com/jurassikytb,33 €,12,2022-04-14 20:19:25.118226
13,2238163,tipeee,https://www.tipeee.com/simplexpaleo,€236,34,2022-04-14 20:19:31.589719
14,488800,tipeee,https://fr.tipeee.com/destination-camping-car,0 €,0,2022-04-14 20:19:37.205466
15,1056995,tipeee,https://fr.tipeee.com/jeremy-compiegneâ\x80\x8b,[],[],2022-04-14 20:19:42.969555
16,1196516,tipeee,https://www.tipeee.com/game-movie-land,€16,4,2022-04-14 20:19:48.621550
17,1601044,tipeee,https://en.tipeee.com/ayeah,€92,47,2022-04-14 20:19:54.502722
18,148890,tipeee,https://www.tipeee.com/le-corps-la-maison-l-esprit,€66,12,2022-04-14 20:20:00.158026
19,297982,tipeee,https://www.tipeee.com/qte,€11,2,2022-04-14 20:20:05.824309
20,165252,tipeee,https://fr.tipeee.com/aude,[],[],2022-04-14 20:20:11.478432
21,1025804,tipeee,https://www.tipeee.com/thomas-vernant,€5,1,2022-04-14 20:20:17.152226
22,404164,tipeee,https://fr.tipeee.com/game-cross-movie,0 €,0,2022-04-14 20:20:23.496522
23,362589,tipeee,https://www.tipeee.com/arcana-mysteres-du-monde,"€1,824",225,2022-04-14 20:20:31.078161
24,850457,tipeee,https://en.tipeee.com/mrbboy45,€0,0,2022-04-14 20:20:36.777271
25,1022154,tipeee,https://fr.tipeee.com/noob-light-novels-encyclopedie,1 401 €,242,2022-04-14 20:20:42.695196
26,2299695,tipeee,https://fr.tipeee.com/high-side,88 €,20,2022-04-14 20:20:48.192864
27,2194158,tipeee,https://www.tipeee.com/mathieu-milliot-realisation-video,€0,0,2022-04-14 20:20:54.690706
28,620126,tipeee,https://www.tipeee.com/linksthesun,[],[],2022-04-14 20:21:00.837318
29,389611,tipeee,https://fr.tipeee.com/lucas_294-page-tipeee,[],0,2022-04-14 20:21:06.717900
30,2168913,tipeee,https://fr.tipeee.com/alexandre-moret,0 €,0,2022-04-14 20:21:12.859149
31,873458,tipeee,https://fr.tipeee.com/uptow-nmadness,60 €,2,2022-04-14 20:21:18.967298
32,683655,tipeee,https://en.tipeee.com/unechansonladdition,€46,11,2022-04-14 20:21:24.682973
33,785549,tipeee,https://www.tipeee.com/the-gaming-show,€0,0,2022-04-14 20:21:30.341920
34,754943,tipeee,https://fr.tipeee.com/vincent-vauclin,[],[],2022-04-14 20:21:36.505631
35,2192976,tipeee,https://www.tipeee.com/saltyacademy,€0,0,2022-04-14 20:21:42.486375
36,1244559,tipeee,https://fr.tipeee.com/cokain-fr,87 €,16,2022-04-14 20:21:48.296117
37,1234525,tipeee,https://fr.tipeee.com/les-philogynes,5 €,3,2022-04-14 20:21:54.184663
38,398407,tipeee,https://en.tipeee.com/greed,€0,0,2022-04-14 20:21:59.769015
39,345087,tipeee,https://fr.tipeee.com/le-monde-de-darkanghells,0 €,0,2022-04-14 20:22:05.447668
40,1896620,tipeee,http://www.tipeee.com/kriss,"€1,324",302,2022-04-14 20:22:13.805699
41,2294265,tipeee,https://fr.tipeee.com/le-petit-braquet,0 €,0,2022-04-14 20:22:19.364120
42,1724029,tipeee,https://www.tipeee.com/defakator,[],479,2022-04-14 20:22:25.008119
43,2091645,tipeee,https://fr.tipeee.com/cuisinerapide,[],[],2022-04-14 20:22:31.412299
44,1267452,tipeee,https://www.tipeee.com/la-forge-d-aslak,€36,9,2022-04-14 20:22:37.151192
45,665701,tipeee,https://fr.tipeee.com/fannyfique,[],[],2022-04-14 20:22:43.132114
46,2321870,tipeee,https://fr.tipeee.com/kangoovan,3 €,2,2022-04-14 20:22:50.394030
47,471926,tipeee,https://fr.tipeee.com/fannyranson,0 €,0,2022-04-14 20:22:56.271634
48,1156970,tipeee,https://fr.tipeee.com/about/why-tipeee,[],[],2022-04-14 20:23:01.947551
49,2283373,tipeee,https://en.tipeee.com/cecile-co-s,€0,0,2022-04-14 20:23:07.779352
50,434086,tipeee,https://fr.tipeee.com/captain-hype,62 €,15,2022-04-14 20:23:13.903248
51,2350362,tipeee,https://www.tipeee.com/top-factory,€0,0,2022-04-14 20:23:19.977898
52,760533,tipeee,https://www.tipeee.com/john-chibe-of-clan,€0,0,2022-04-14 20:23:26.166555
53,516597,tipeee,https://fr.tipeee.com/bugland,5 €,1,2022-04-14 20:23:31.807296
54,2242601,tipeee,http://www.tipeee.com/jeff-photographie,€11,3,2022-04-14 20:23:37.527775
55,613955,tipeee,https://fr.tipeee.com/miracle-dream-production,6 €,2,2022-04-14 20:23:43.192980
56,255408,tipeee,https://www.tipeee.com/toonstudiosprod,€0,0,2022-04-14 20:23:48.865784
57,2120584,tipeee,https://fr.tipeee.com/le-journal-de-lespace,125 €,35,2022-04-14 20:23:54.418079
58,673704,tipeee,https://fr.tipeee.com/schilofficiel,0 €,0,2022-04-14 20:24:00.274134
59,80300,tipeee,https://www.tipeee.com/frankcotty,€1,1,2022-04-14 20:24:06.089661
60,481898,tipeee,https://fr.tipeee.com/iplay4you3103,0 €,0,2022-04-14 20:24:12.076730
61,1776276,tipeee,https://fr.tipeee.com/zorka-sdf,[],[],2022-04-14 20:24:17.753618
62,1869257,tipeee,https://fr.tipeee.com/hittheroad,5 774 €,2 194,2022-04-14 20:24:24.297594
63,847605,tipeee,https://fr.tipeee.com/playerone-tv,58 €,11,2022-04-14 20:24:29.992275
64,449963,tipeee,https://www.tipeee.com/tatiana-ventose,"€2,179",334,2022-04-14 20:24:35.759855
65,2234896,tipeee,https://fr.tipeee.com/crazysally,[],26,2022-04-14 20:24:41.332436
66,174438,tipeee,https://www.tipeee.com/chat,[],102,2022-04-14 20:24:47.041932
67,1363319,tipeee,https://fr.tipeee.com/toflawin,0 €,0,2022-04-14 20:24:52.651809
68,2162866,tipeee,https://www.tipeee.com/cookie-connecte,€6,5,2022-04-14 20:24:58.258785
69,2246879,tipeee,https://www.tipeee.com/winteractivity,[],[],2022-04-14 20:25:04.161569
70,318992,tipeee,https://fr.tipeee.com/maitre-luger,83 €,25,2022-04-14 20:25:09.816022
71,588867,tipeee,https://fr.tipeee.com/le-raptor,[],8,2022-04-14 20:25:15.474204
72,2319209,tipeee,https://fr.tipeee.com/charles-melanie,[],[],2022-04-14 20:25:21.102686
73,270992,tipeee,https://www.tipeee.com/hardcore-chico,€0,0,2022-04-14 20:25:27.035287
74,496218,tipeee,https://fr.tipeee.com/shubleu-youtube/news,0 €,0,2022-04-14 20:25:32.951742
75,204153,tipeee,https://en.tipeee.com/gillus,[],[],2022-04-14 20:25:38.465909
76,1697394,tipeee,https://www.tipeee.com/nemellia,[],[],2022-04-14 20:25:44.075979
77,336710,tipeee,https://en.tipeee.com/stay-tuned-tv,€0,0,2022-04-14 20:25:49.688730
78,2247157,tipeee,https://fr.tipeee.com/libre-et-sauvage,261 €,24,2022-04-14 20:25:56.786206
79,357192,tipeee,https://www.tipeee.com/science4all,[],[],2022-04-14 20:26:02.471411
80,458,tipeee,https://fr.tipeee.com/david-dada-bens,0 €,0,2022-04-14 20:26:08.786071
81,337785,tipeee,https://fr.tipeee.com/clararunaway,327 €,60,2022-04-14 20:26:15.518152
82,771,tipeee,https://www.tipeee.com/olbius-l-olibrius-du-jeu-video,€87,23,2022-04-14 20:26:22.173987
83,2195765,tipeee,https://fr.tipeee.com/mon-petit-reflex,[],[],2022-04-14 20:26:27.874029
84,601991,tipeee,https://en.tipeee.com/cuisto-pedro,€0,0,2022-04-14 20:26:33.948970
85,2256341,tipeee,https://www.tipeee.com/jean-baptiste-show,[],699,2022-04-14 20:26:39.804297
86,406876,tipeee,https://fr.tipeee.com/mysteriatip,260 €,69,2022-04-14 20:26:46.429298
87,1308529,tipeee,https://en.tipeee.com/200-pour-que-allan-mange-du-caca,€0,0,2022-04-14 20:26:52.733591
88,3629,tipeee,https://www.tipeee.com/lechuchoteurasmr,€505,32,2022-04-14 20:26:58.494242
89,439641,tipeee,https://en.tipeee.com/mirsa,€0,0,2022-04-14 20:27:04.290482
90,2303018,tipeee,https://en.tipeee.com/lara-tactical,€0,0,2022-04-14 20:27:09.803245
91,234879,tipeee,https://fr.tipeee.com/le-bizarreum1,55 €,12,2022-04-14 20:27:15.645058
92,1045931,tipeee,https://www.tipeee.com/evalespetitsplats,[],30,2022-04-14 20:27:22.611332
93,2166690,tipeee,https://en.tipeee.com/user/g117723271744670807480,[],[],2022-04-14 20:27:27.970336
94,2248847,tipeee,https://tipeee.com/abdelkarim-patissier,€0,0,2022-04-14 20:27:33.997690
95,1028,tipeee,https://fr.tipeee.com/marjorie-le-noan,64 €,16,2022-04-14 20:27:41.589269
96,3500,tipeee,https://en.tipeee.com/fulljojo,€0,0,2022-04-14 20:27:47.162493
97,7543,tipeee,https://fr.tipeee.com/la-chaine-de-matt,0 €,0,2022-04-14 20:27:53.212718
98,2245633,tipeee,https://fr.tipeee.com/mon-ange,0 €,0,2022-04-14 20:27:58.779146
99,492943,tipeee,https://fr.tipeee.com/regendario-fm-project,[],[],2022-04-14 20:28:04.361695
100,2101345,tipeee,https://fr.tipeee.com/libreriche,[],[],2022-04-14 20:28:09.920865
101,2333553,tipeee,https://en.tipeee.com/kev-manner-misterkm,€0,0,2022-04-14 20:28:15.450576
102,2212183,tipeee,https://www.tipeee.com/le-studio-de-poche,€656,248,2022-04-14 20:28:21.840701
103,305904,tipeee,https://www.tipeee.com/drawertv,€16,3,2022-04-14 20:28:27.803932
104,380703,tipeee,https://fr.tipeee.com/fatality,0 €,0,2022-04-14 20:28:33.483506
105,2316758,tipeee,https://www.tipeee.com/league-of-historia,€0,0,2022-04-14 20:28:40.419648
106,2215095,tipeee,https://fr.tipeee.com/terrabellum,[],[],2022-04-14 20:28:46.059259
107,2270195,tipeee,https://www.tipeee.com/p-a-u-l,€662,226,2022-04-14 20:28:52.372303
108,2303366,tipeee,https://fr.tipeee.com/linuxtricks,16 €,3,2022-04-14 20:28:58.620684
109,2194338,tipeee,https://fr.tipeee.com/azixs,0 €,0,2022-04-14 20:29:04.687681
110,2274656,tipeee,https://fr.tipeee.com/aide-a-multi-brico,0 €,0,2022-04-14 20:29:10.601247
111,18168,tipeee,http://tipeee.com/ScienceClic,€308,83,2022-04-14 20:29:16.927881
112,2298134,tipeee,https://www.tipeee.com/nota-beneâ\x80\x8bâ\x80\x8bâ\x80\x8b,[],[],2022-04-14 20:29:23.331954
113,1561889,tipeee,https://fr.tipeee.com/angry-waifu,3 €,2,2022-04-14 20:29:29.524013
114,327160,tipeee,https://fr.tipeee.com/les-textes-videos-d-axel,0 €,0,2022-04-14 20:29:36.815215
115,2216355,tipeee,https://fr.tipeee.com/cyprien-adventures,20 €,1,2022-04-14 20:29:42.564454
116,901409,tipeee,https://fr.tipeee.com/ataaable?fbclid=IwAR0r3Hy6DVDM4tKsOj-k67ti2ienORN5AAa-b3D0abSlgjayU0CqsjymxHw,0 €,0,2022-04-14 20:29:49.523986
117,2215,tipeee,https://en.tipeee.com/antoine-1,€0,0,2022-04-14 20:29:56.056986
118,2193054,tipeee,https://en.tipeee.com/andrew-is-gay,€0,0,2022-04-14 20:30:02.418299
119,1332232,tipeee,https://www.tipeee.com/punky,[],[],2022-04-14 20:30:08.896124
120,4791,tipeee,https://fr.tipeee.com/guillaume-cassar,482 €,69,2022-04-14 20:30:14.535645
121,2248943,tipeee,https://fr.tipeee.com/game68240-tutos-informatiques-android,0 €,0,2022-04-14 20:30:21.144303
122,472982,tipeee,https://www.tipeee.com/parisasmr,€130,5,2022-04-14 20:30:27.413014
123,499533,tipeee,https://fr.tipeee.com/ganesh2,71 €,18,2022-04-14 20:30:33.245802
124,2188589,tipeee,https://fr.tipeee.com/bronol,60 €,17,2022-04-14 20:30:40.371344
125,1207025,tipeee,https://fr.tipeee.com/jolyful,5 €,1,2022-04-14 20:30:46.234749
126,702944,tipeee,https://fr.tipeee.com/darkows,0 €,0,2022-04-14 20:30:51.882705
127,186958,tipeee,https://fr.tipeee.com/foxy-pleins-de-chronique,0 €,0,2022-04-14 20:30:57.992516
128,435418,tipeee,https://www.tipeee.com/kitaii-des-series,€0,0,2022-04-14 20:31:03.675217
129,2158804,tipeee,https://fr.tipeee.com/ami-des-lobbies,560 €,132,2022-04-14 20:31:09.259580
130,2316575,tipeee,https://www.tipeee.com/deotoons,€165,36,2022-04-14 20:31:15.168533
131,2260286,tipeee,https://en.tipeee.com/les-revues-du-monde,€956,253,2022-04-14 20:31:20.839741
132,674022,tipeee,https://fr.tipeee.com/caljbeut-cartoons-trashs,216 €,65,2022-04-14 20:31:26.492035
133,890283,tipeee,https://www.tipeee.com/majid-oukacha,"€1,060",146,2022-04-14 20:31:34.104868
134,2245432,tipeee,https://fr.tipeee.com/savun,184 €,55,2022-04-14 20:31:40.316739
135,151107,tipeee,https://fr.tipeee.com/docteur-wrestling,0 €,0,2022-04-14 20:31:46.602879
136,2194928,tipeee,https://www.tipeee.com/le-sense-of-wonder,€352,128,2022-04-14 20:31:52.359256
137,2002261,tipeee,https://www.tipeee.com/epic-pixel-battle,€980,50,2022-04-14 20:31:58.403123
138,1111425,tipeee,https://fr.tipeee.com/ca-zap,0 €,0,2022-04-14 20:32:04.532483
139,2318639,tipeee,https://fr.tipeee.com/machine-learnia,880 €,107,2022-04-14 20:32:10.147282
140,2301731,tipeee,https://www.tipeee.com/cultnclick,€177,34,2022-04-14 20:32:15.864190
141,900371,tipeee,https://fr.tipeee.com/boneless-archeologie,[],[],2022-04-14 20:32:21.482032
142,341549,tipeee,https://fr.tipeee.com/hidetojpâ\x80\x8b,[],[],2022-04-14 20:32:28.731807
143,647938,tipeee,https://fr.tipeee.com/mathieugamedev,[],[],2022-04-14 20:32:34.596520
144,1013516,tipeee,https://fr.tipeee.com/chaman-jo,[],0,2022-04-14 20:32:42.993061
145,1898649,tipeee,https://fr.tipeee.com/xewup,0 €,0,2022-04-14 20:32:49.733170
146,2147,tipeee,https://en.tipeee.com/enarpilod,[],[],2022-04-14 20:32:56.543743
147,410900,tipeee,https://en.tipeee.com/botch-1,€290,68,2022-04-14 20:33:04.459247
148,681473,tipeee,https://fr.tipeee.com/g3_adrien,0 €,0,2022-04-14 20:33:10.174103
149,1291,tipeee,https://fr.tipeee.com/lfpoulain,1 294 €,318,2022-04-14 20:33:15.919366
150,1683267,tipeee,http://www.tipeee.com/dons-pour-le-chateau-du-gangster,"€1,102",23,2022-04-14 20:33:22.134944
151,2328237,tipeee,https://fr.tipeee.com/marty-japan,16 €,2,2022-04-14 20:33:27.781648
152,902198,tipeee,https://fr.tipeee.com/the-cross-men-125,0 €,0,2022-04-14 20:33:33.349363
153,1259259,tipeee,https://en.tipeee.com/loupche,€3,1,2022-04-14 20:33:39.081534
154,2107706,tipeee,https://en.tipeee.com/anthony-lastella,[],[],2022-04-14 20:33:44.600072
155,2281801,tipeee,https://en.tipeee.com/osons-causer,€338,110,2022-04-14 20:33:50.474472
156,602866,tipeee,https://www.tipeee.com/les2crazy,€0,0,2022-04-14 20:33:56.147336
157,793110,tipeee,https://en.tipeee.com/cerclearistote,"€1,237",117,2022-04-14 20:34:01.741019
158,810414,tipeee,https://fr.tipeee.com/platytwo,[],0,2022-04-14 20:34:07.470143
159,2186738,tipeee,https://fr.tipeee.com/energie-autrement,256 €,78,2022-04-14 20:34:14.067714
160,513234,tipeee,https://en.tipeee.com/leo-duff,€0,0,2022-04-14 20:34:19.652764
161,106658,tipeee,https://fr.tipeee.com/calmos,365 €,123,2022-04-14 20:34:27.018402
162,2291378,tipeee,https://en.tipeee.com/jean-laval,€16,3,2022-04-14 20:34:32.921594
163,1757248,tipeee,https://www.tipeee.com/aqua-zen/news,€0,0,2022-04-14 20:34:39.674022
164,2039873,tipeee,https://fr.tipeee.com/mathieu-sommet,619 €,136,2022-04-14 20:34:45.474799
165,289284,tipeee,https://fr.tipeee.com/mrz64,0 €,0,2022-04-14 20:34:51.500650
166,2318678,tipeee,https://fr.tipeee.com/quentin-gaming,0 €,0,2022-04-14 20:34:59.734706
167,1454124,tipeee,https://fr.tipeee.com/bryancox,0 €,0,2022-04-14 20:35:05.689166
168,487813,tipeee,https://fr.tipeee.com/gautier-veltri,29 €,6,2022-04-14 20:35:11.889523
169,888867,tipeee,https://fr.tipeee.com/sombres-machinations,4 569 €,429,2022-04-14 20:35:18.932524
170,645944,tipeee,https://fr.tipeee.com/la-prod-jeunes-ihedn,0 €,0,2022-04-14 20:35:24.673966
171,198356,tipeee,https://fr.tipeee.com/nico-mathieux,842 €,148,2022-04-14 20:35:30.931296
172,1303152,tipeee,https://fr.tipeee.com/les-pilotes-du-dimanche,0 €,0,2022-04-14 20:35:36.697731
173,1315602,tipeee,https://fr.tipeee.com/santedefer,5 €,1,2022-04-14 20:35:42.409492
174,2325014,tipeee,https://fr.tipeee.com/bibix-films-et-expeditions,204 €,17,2022-04-14 20:35:48.028909
175,2320646,tipeee,https://www.tipeee.com/mouton-lucide,€5,3,2022-04-14 20:35:54.016770
176,2091018,tipeee,https://fr.tipeee.com/mozinor,1 522 €,360,2022-04-14 20:36:01.175741
177,2187611,tipeee,https://fr.tipeee.com/nexus-vi,2 011 €,536,2022-04-14 20:36:06.922934
178,2303063,tipeee,https://fr.tipeee.com/matt-adventure,[],37,2022-04-14 20:36:12.667138
179,835062,tipeee,https://fr.tipeee.com/moonetsensâ\x80\x8bâ\x80\x8bâ\x80\x8bâ\x80\x8bâ\x80\x8bâ\x80\x8b,[],[],2022-04-14 20:36:18.708124
180,1842776,tipeee,https://en.tipeee.com/kitaii-des-series,€0,0,2022-04-14 20:36:24.376122
181,142228,tipeee,https://fr.tipeee.com/le-cul-de-poule,[],44,2022-04-14 20:36:30.010845
182,2268566,tipeee,https://fr.tipeee.com/chaine-392,0 €,0,2022-04-14 20:36:35.725359
183,2196779,tipeee,https://www.tipeee.com/antonin-gateau,[],[],2022-04-14 20:36:41.344928
184,1031867,tipeee,https://fr.tipeee.com/metal-lourd-kahzmat,6 €,2,2022-04-14 20:36:46.962251
185,1815,tipeee,https://fr.tipeee.com/science-de-comptoir,258 €,76,2022-04-14 20:36:52.551813
186,2319317,tipeee,https://www.tipeee.com/olivier-verdier-menuisier,€330,104,2022-04-14 20:36:59.428217
187,873897,tipeee,https://www.tipeee.com/permaculture-agroecologie-etc,"€2,682",242,2022-04-14 20:37:05.264685
188,205963,tipeee,https://www.tipeee.com/simonpuech,€246,66,2022-04-14 20:37:11.388985
189,4315,tipeee,https://fr.tipeee.com/francois-theurel,969 €,331,2022-04-14 20:37:17.526545
190,458451,tipeee,https://fr.tipeee.com/robukan,13 €,4,2022-04-14 20:37:23.675489
191,1824722,tipeee,https://fr.tipeee.com/emgkphotographie,55 €,10,2022-04-14 20:37:30.496901
192,896439,tipeee,https://fr.tipeee.com/monsieur-bidouille,472 €,184,2022-04-14 20:37:36.324741
193,155780,tipeee,https://fr.tipeee.com/fabwildpix,[],[],2022-04-14 20:37:42.379284
194,2296238,tipeee,https://fr.tipeee.com/virginie-vota,418 €,56,2022-04-14 20:37:48.636833
195,760197,tipeee,https://www.tipeee.com/baladementale,€645,210,2022-04-14 20:37:54.373731
196,2236672,tipeee,https://tipeee.com/partager-cest-sympa,"€4,346",780,2022-04-14 20:38:00.435974
197,1692066,tipeee,https://www.tipeee.com/pokemontrash,€0,0,2022-04-14 20:38:06.332634
198,854120,tipeee,https://en.tipeee.com/nicolas-mj,[],[],2022-04-14 20:38:11.990313
199,2186902,tipeee,https://www.tipeee.com/yogacoaching,[],727,2022-04-14 20:38:17.743018
200,542447,tipeee,https://en.tipeee.com/kebou-officiel,€0,0,2022-04-14 20:38:23.827422
201,901170,tipeee,https://fr.tipeee.com/mont-corvo,13 €,2,2022-04-14 20:38:30.101996
202,8731,tipeee,https://www.tipeee.com/fsps44,€0,0,2022-04-14 20:38:36.237620
203,1670034,tipeee,https://fr.tipeee.com/lanx,[],[],2022-04-14 20:38:42.225856
204,865850,tipeee,https://en.tipeee.com/une-biere-et-jivay,"€1,038",291,2022-04-14 20:38:47.953538
205,2303609,tipeee,https://fr.tipeee.com/nexus-magazine,177 €,27,2022-04-14 20:38:53.599958
206,413511,tipeee,https://www.tipeee.com/pepperpot-teamâ\x80\x8bâ\x80\x8b,[],[],2022-04-14 20:38:59.353775
207,1458940,tipeee,https://en.tipeee.com/questions-d-histoire,"€1,032",182,2022-04-14 20:39:05.466641
208,33741,tipeee,https://fr.tipeee.com/avappy,0 €,0,2022-04-14 20:39:11.088335
209,4,tipeee,https://www.tipeee.com/ed-layton,€39,7,2022-04-14 20:39:17.664636
210,2015,tipeee,https://fr.tipeee.com/faguoren,5 €,1,2022-04-14 20:39:24.084985
211,2319068,tipeee,https://fr.tipeee.com/carnetdunecavaliere,8 €,4,2022-04-14 20:39:29.689130
212,1078624,tipeee,https://www.tipeee.com/inthepanda,€107,37,2022-04-14 20:39:35.806995
213,2258305,tipeee,https://www.tipeee.com/mardinoir,[],[],2022-04-14 20:39:41.910437
214,1795183,tipeee,https://fr.tipeee.com/mongraindefolie,[],[],2022-04-14 20:39:48.223082
215,168400,tipeee,https://fr.tipeee.com/sexpedition,0 €,0,2022-04-14 20:39:54.227785
216,2056256,tipeee,https://www.tipeee.com/didi-chandouid,[],[],2022-04-14 20:40:00.179684
217,2191013,tipeee,https://www.tipeee.com/deotoons,€165,36,2022-04-14 20:40:08.668352
218,4211,tipeee,https://fr.tipeee.com/bastien-lab,0 €,0,2022-04-14 20:40:14.425384
219,1286489,tipeee,http://tipeee.com/penseeleo,€0,0,2022-04-14 20:40:20.514196
220,2180481,tipeee,https://fr.tipeee.com/chronikfiction,3 472 €,1 131,2022-04-14 20:40:26.392885
221,859753,tipeee,https://fr.tipeee.com/team8,6 €,2,2022-04-14 20:40:33.150536
222,1641905,tipeee,https://fr.tipeee.com/dirtytommy,45 €,7,2022-04-14 20:40:38.846317
223,1046330,tipeee,https://www.tipeee.com/olivierschmitt,€13,6,2022-04-14 20:40:44.449012
224,836570,tipeee,https://www.tipeee.com/le-mock,€503,93,2022-04-14 20:40:50.141031
225,3096,tipeee,https://fr.tipeee.com/jerem-te-parle,0 €,0,2022-04-14 20:40:56.269473
226,2294643,tipeee,https://fr.tipeee.com/la-verite-est-ailleurs,123 €,6,2022-04-14 20:41:02.470341
227,13836,tipeee,https://fr.tipeee.com/joenesteam,0 €,0,2022-04-14 20:41:09.206339
228,1241453,tipeee,https://fr.tipeee.com/paulygones,[],3,2022-04-14 20:41:15.129345
229,1682359,tipeee,https://www.tipeee.com/fatelite,[],[],2022-04-14 20:41:21.269769
230,2105501,tipeee,https://fr.tipeee.com/vin-stache,137 €,34,2022-04-14 20:41:26.880698
231,2250631,tipeee,https://www.tipeee.com/captain-popcorn,€165,38,2022-04-14 20:41:33.495068
232,2245126,tipeee,https://en.tipeee.com/pgmarco,€0,0,2022-04-14 20:41:39.113029
233,2105829,tipeee,https://fr.tipeee.com/davidk,0 €,0,2022-04-14 20:41:44.881936
234,600933,tipeee,https://www.tipeee.com/helioxlab,€230,72,2022-04-14 20:41:50.720857
235,838903,tipeee,http://tipeee.laurentcacciavlog.fr,€17,5,2022-04-14 20:41:57.192995
236,197132,tipeee,https://www.tipeee.com/draw-my-economy,€0,0,2022-04-14 20:42:03.127311
237,2202205,tipeee,https://www.tipeee.com/tyllou,€28,13,2022-04-14 20:42:08.747457
238,854634,tipeee,https://fr.tipeee.com/jdmp-kokoro-team,0 €,0,2022-04-14 20:42:14.710403
239,782956,tipeee,https://fr.tipeee.com/aurelien-fontenoy,0 €,0,2022-04-14 20:42:20.623146
240,1739929,tipeee,https://fr.tipeee.com/jiiksonchichaytb,0 €,0,2022-04-14 20:42:26.371457
241,2287628,tipeee,https://www.tipeee.com/stephanie-nanie,[],[],2022-04-14 20:42:32.337559
242,2317109,tipeee,https://fr.tipeee.com/_spl4fou,[],[],2022-04-14 20:42:37.937295
243,2205606,tipeee,https://www.tipeee.com/l4st-4ngel,€0,0,2022-04-14 20:42:43.708862
244,311454,tipeee,https://www.tipeee.com/code-rno,€585,120,2022-04-14 20:42:49.482896
245,1890604,tipeee,https://www.tipeee.com/gryfox,€10,1,2022-04-14 20:42:55.286713
246,1023162,tipeee,https://fr.tipeee.com/family-flow,0 €,0,2022-04-14 20:43:00.965489
247,1370806,tipeee,https://fr.tipeee.com/the-share-players,0 €,0,2022-04-14 20:43:06.674022
248,480,tipeee,https://fr.tipeee.com/kentra-president-2022,0 €,0,2022-04-14 20:43:12.450148
249,321959,tipeee,https://www.tipeee.com/le-precepteur,€477,84,2022-04-14 20:43:18.106489
250,2279065,tipeee,https://fr.tipeee.com/oxem,81 €,7,2022-04-14 20:43:23.788706
251,847366,tipeee,https://fr.tipeee.com/typex,[],[],2022-04-14 20:43:29.473463
252,324608,tipeee,https://fr.tipeee.com/super-heco-projet,969 €,31,2022-04-14 20:43:35.162952
253,4513,tipeee,https://fr.tipeee.com/gong-gi-or-no-gi,0 €,0,2022-04-14 20:43:41.050143
254,2248811,tipeee,https://fr.tipeee.com/arnosunshine,0 €,0,2022-04-14 20:43:46.668649
255,2320811,tipeee,https://en.tipeee.com/cantdu58,€0,0,2022-04-14 20:43:52.403386
256,1480069,tipeee,https://fr.tipeee.com/dr_robot,0 €,0,2022-04-14 20:43:58.151971
257,2316866,tipeee,https://www.tipeee.com/casarhema-satellite2,"€48,577",253,2022-04-14 20:44:04.180724
258,868433,tipeee,https://www.tipeee.com/teampl,€0,0,2022-04-14 20:44:10.242315
259,453548,tipeee,https://fr.tipeee.com/smellslikegasoline,253 €,38,2022-04-14 20:44:17.149962
260,200023,tipeee,https://fr.tipeee.com/flanny,0 €,0,2022-04-14 20:44:22.986527
261,2269589,tipeee,http://www.tipeee.com/cyrusnorth,[],[],2022-04-14 20:44:28.720032
262,168314,tipeee,https://fr.tipeee.com/misterwalt,33 €,3,2022-04-14 20:44:34.496981
263,2321996,tipeee,https://fr.tipeee.com/micmaths,[],[],2022-04-14 20:44:40.256612
264,1940812,tipeee,https://fr.tipeee.com/ansei,[],[],2022-04-14 20:44:46.404071
265,3690,tipeee,https://www.tipeee.com/didi-chandouidouiâ\x80\x8b,[],[],2022-04-14 20:44:52.030010
266,4155,tipeee,https://fr.tipeee.com/jeannot-se-livre,57 €,4,2022-04-14 20:44:58.291484
267,1707,tipeee,https://fr.tipeee.com/mister-geopolitix,177 €,24,2022-04-14 20:45:05.293766
268,4505,tipeee,https://fr.tipeee.com/thomas-laurent,378 €,94,2022-04-14 20:45:11.029159
269,1033436,tipeee,https://fr.tipeee.com/kyenan,0 €,0,2022-04-14 20:45:16.663295
270,1543392,tipeee,https://www.tipeee.com/quenton,[],[],2022-04-14 20:45:22.340676
271,2291586,tipeee,https://fr.tipeee.com/sur_le_champ,[],[],2022-04-14 20:45:27.939151
272,810993,tipeee,https://fr.tipeee.com/french-wargame-studio,[],1 204,2022-04-14 20:45:33.703992
273,1936406,tipeee,https://fr.tipeee.com/made-by-amaury,0 €,0,2022-04-14 20:45:39.320142
274,872710,tipeee,https://fr.tipeee.com/solid-mike,0 €,0,2022-04-14 20:45:44.988506
275,784894,tipeee,https://fr.tipeee.com/joseph-seong,0 €,0,2022-04-14 20:45:50.779555
276,2270710,tipeee,https://www.tipeee.com/ahmedlndy,€0,0,2022-04-14 20:45:56.408739
277,863697,tipeee,https://en.tipeee.com/sonikrage,[],[],2022-04-14 20:46:01.931565
278,185660,tipeee,https://fr.tipeee.com/gouvhd,[],[],2022-04-14 20:46:07.547904
279,902992,tipeee,https://www.tipeee.com/lepoissonrouge,[],10,2022-04-14 20:46:13.372034
280,200003,tipeee,https://fr.tipeee.com/karal_yt,36 €,5,2022-04-14 20:46:19.216804
281,2130593,tipeee,https://www.tipeee.com/demos-kratos,€375,93,2022-04-14 20:46:25.685886
282,394624,tipeee,https://fr.tipeee.com/ambrouille,2 €,1,2022-04-14 20:46:31.546553
283,1818,tipeee,https://en.tipeee.com/phoenixproduction,[],[],2022-04-14 20:46:37.383010
284,418243,tipeee,https://fr.tipeee.com/majin,0 €,0,2022-04-14 20:46:43.780263
285,1301973,tipeee,https://fr.tipeee.com/achete-des-outiel-de-game,0 €,0,2022-04-14 20:46:49.948866
286,1311420,tipeee,https://fr.tipeee.com/loner,157 €,11,2022-04-14 20:46:55.769883
287,337550,tipeee,https://fr.tipeee.com/le-potager-dolivier,[],[],2022-04-14 20:47:01.373256
288,2315552,tipeee,https://www.tipeee.com/asmermaidâ\x80\x8bâ\x80\x8bâ\x80\x8bâ\x80\x8bâ\x80\x8b,[],[],2022-04-14 20:47:07.225140
289,1256508,tipeee,https://fr.tipeee.com/genie-de-la-gratte,0 €,0,2022-04-14 20:47:12.992302
290,2199655,tipeee,https://www.tipeee.com/maudbettinamarie,€42,12,2022-04-14 20:47:18.753312
291,2303039,tipeee,https://fr.tipeee.com/davidk,0 €,0,2022-04-14 20:47:24.414177
292,2317979,tipeee,https://fr.tipeee.com/poifamily,0 €,0,2022-04-14 20:47:30.795088
293,2254280,tipeee,https://fr.tipeee.com/trash,5 €,4,2022-04-14 20:47:36.526589
294,585242,tipeee,https://www.tipeee.com/toutenbois,€31,17,2022-04-14 20:47:43.391321
295,2152478,tipeee,https://www.tipeee.com/blitzstream,[],15,2022-04-14 20:47:49.128795
296,1384689,tipeee,https://fr.tipeee.com/je-dois-me-nourrir,0 €,0,2022-04-14 20:47:55.968652
297,1445411,tipeee,https://www.tipeee.com/hygiene-mentale,€914,362,2022-04-14 20:48:01.654814
298,397376,tipeee,https://www.tipeee.com/tai-wuang-shindehai,€393,59,2022-04-14 20:48:07.519506
299,2245612,tipeee,https://www.tipeee.com/big-bad-hater,[],[],2022-04-14 20:48:13.381819
300,1196429,tipeee,https://fr.tipeee.com/techniques-spatiales,234 €,61,2022-04-14 20:48:19.030965
301,411873,tipeee,https://www.tipeee.com/gussdx-videoâ\x80\x8b,[],[],2022-04-14 20:48:25.162897
302,873967,tipeee,https://fr.tipeee.com/capsul-pop,1 €,1,2022-04-14 20:48:30.794022
303,2206909,tipeee,https://www.tipeee.com/lfxchaigneau,[],42,2022-04-14 20:48:36.724331
304,2298512,tipeee,https://fr.tipeee.com/eddiecudi,0 €,0,2022-04-14 20:48:42.474071
305,470619,tipeee,https://fr.tipeee.com/tony-et-ses-pensees,[],[],2022-04-14 20:48:48.420989
306,102929,tipeee,https://fr.tipeee.com/oxem,81 €,7,2022-04-14 20:48:54.063622
307,902195,tipeee,https://fr.tipeee.com/comme-un-pingouins-dans-le-desert,66 €,20,2022-04-14 20:49:00.068898
308,2326,tipeee,https://www.tipeee.com/hugo-lisoir,€799,231,2022-04-14 20:49:05.873436
309,62168,tipeee,https://fr.tipeee.com/aurelienpreveaux,[],[],2022-04-14 20:49:11.454338
310,1315072,tipeee,https://fr.tipeee.com/onepiecepassion,476 €,58,2022-04-14 20:49:17.053519
311,2263,tipeee,https://en.tipeee.com/luccasstv,€0,0,2022-04-14 20:49:22.654513
312,451328,tipeee,https://www.tipeee.com/thomas-cyrix-jetons-leur-des-tomates-pourries,€143,20,2022-04-14 20:49:28.736633
313,1793221,tipeee,https://fr.tipeee.com/shakermaker,21 €,4,2022-04-14 20:49:34.333154
314,2365611,tipeee,https://fr.tipeee.com/wintyflou,3 €,1,2022-04-14 20:49:39.986879
315,904915,tipeee,https://fr.tipeee.com/youcrime,61 €,5,2022-04-14 20:49:45.861974
316,325469,tipeee,https://fr.tipeee.com/monsieur-plouf,690 €,195,2022-04-14 20:49:52.171112
317,185197,tipeee,https://www.tipeee.com/le-pandaman,[],[],2022-04-14 20:49:57.924600
318,2261249,tipeee,https://fr.tipeee.com/ultimate-making,1 526 €,95,2022-04-14 20:50:03.707920
319,2269229,tipeee,http://tipeee.com/e-penser,[],3,2022-04-14 20:50:09.647454
320,2167632,tipeee,https://fr.tipeee.com/muna,0 €,0,2022-04-14 20:50:15.366386
321,1685869,tipeee,https://fr.tipeee.com/fleo,[],[],2022-04-14 20:50:21.114592
322,822883,tipeee,https://fr.tipeee.com/debunker-des-etoiles,72 €,25,2022-04-14 20:50:27.157138
323,2317040,tipeee,https://www.tipeee.com/anthogeek,[],[],2022-04-14 20:50:33.203786
324,844511,tipeee,https://fr.tipeee.com/fistaille-made-in-toylettes,100 €,12,2022-04-14 20:50:38.953288
325,2188992,tipeee,https://www.tipeee.com/la-retouche-photo,€0,0,2022-04-14 20:50:44.770127
326,581407,tipeee,https://www.tipeee.com/daium,€82,17,2022-04-14 20:50:50.700324
327,2315138,tipeee,https://fr.tipeee.com/cinema-et-politique,40 €,12,2022-04-14 20:50:56.384039
328,174815,tipeee,https://fr.tipeee.com/live-marathon-pour-le-patron,0 €,0,2022-04-14 20:51:02.087968
329,343851,tipeee,https://www.tipeee.com/jump,€0,0,2022-04-14 20:51:07.798742
330,2181463,tipeee,https://www.tipeee.com/gagzzz,€352,73,2022-04-14 20:51:13.538061
331,721546,tipeee,https://fr.tipeee.com/les-meilleurs-scenaristes-d-hollywood,51 €,6,2022-04-14 20:51:19.376064
332,1321852,tipeee,https://en.tipeee.com/le-reveilleur,"€3,047",598,2022-04-14 20:51:25.018608
333,2107320,tipeee,https://fr.tipeee.com/mure-et-noisettes,22 €,5,2022-04-14 20:51:30.709169
334,1296368,tipeee,https://www.tipeee.com/lesbonsprofs,€0,0,2022-04-14 20:51:36.452252
335,2303054,tipeee,https://fr.tipeee.com/transculture,192 €,29,2022-04-14 20:51:42.474808
336,286957,tipeee,http://fr.tipeee.com/instrumentarium_insolite,21 €,7,2022-04-14 20:51:48.240744
337,2374186,tipeee,https://www.tipeee.com/cantdu58,€0,0,2022-04-14 20:51:54.005539
338,37763,tipeee,https://www.tipeee.com/alterhis,€130,46,2022-04-14 20:51:59.688190
339,837204,tipeee,https://fr.tipeee.com/chasseurs-de-tresor,0 €,0,2022-04-14 20:52:05.418998
340,1093031,tipeee,https://fr.tipeee.com/thelibertyplayer,0 €,0,2022-04-14 20:52:11.259827
341,1318284,tipeee,https://www.tipeee.com/ayeah,€92,47,2022-04-14 20:52:17.124884
342,2319635,tipeee,https://fr.tipeee.com/pulsar42,137 €,11,2022-04-14 20:52:23.089589
343,884824,tipeee,https://www.tipeee.com/recitfantastique,[],0,2022-04-14 20:52:29.044575
344,1471573,tipeee,https://fr.tipeee.com/etienne-lgf,22 €,3,2022-04-14 20:52:34.948397
345,870760,tipeee,https://www.tipeee.com/troublefait,"€1,343",260,2022-04-14 20:52:40.844730
346,111807,tipeee,https://fr.tipeee.com/colomba-asmr,0 €,0,2022-04-14 20:52:46.676993
347,2303042,tipeee,https://fr.tipeee.com/florent-garcia,447 €,70,2022-04-14 20:52:52.492423
348,607184,tipeee,https://fr.tipeee.com/hacking-social,1 483 €,432,2022-04-14 20:52:58.277004
349,36471,tipeee,https://tipeee.com/game-spectrum,[],[],2022-04-14 20:53:04.485760
350,2235357,tipeee,https://fr.tipeee.com/the-choucroute-garage,143 €,30,2022-04-14 20:53:10.306122
351,2315483,tipeee,https://fr.tipeee.com/l-artisanat-rhetorique,219 €,65,2022-04-14 20:53:16.203009
352,2070305,tipeee,http://tipeee.com/bulledop,€0,0,2022-04-14 20:53:24.267126
353,606453,tipeee,https://fr.tipeee.com/hugorothraza,0 €,0,2022-04-14 20:53:31.142800
354,2133405,tipeee,http://www.tipeee.com/mind-parachutes,€8,7,2022-04-14 20:53:36.874196
355,2243752,tipeee,https://www.tipeee.com/el-jj,€244,65,2022-04-14 20:53:42.625475
356,122388,tipeee,https://fr.tipeee.com/subtil-documentaire,[],[],2022-04-14 20:53:48.368821
357,316919,tipeee,https://www.tipeee.com/the-flares,€14,7,2022-04-14 20:53:54.168989
358,2317328,tipeee,https://en.tipeee.com/danycaligula,€282,64,2022-04-14 20:53:59.915143
359,530,tipeee,https://fr.tipeee.com/loner,157 €,11,2022-04-14 20:54:06.310325
360,160,tipeee,https://fr.tipeee.com/ghosturbex,4 €,3,2022-04-14 20:54:11.993540
361,2338191,tipeee,https://www.tipeee.com/nota-bene,"€1,113",407,2022-04-14 20:54:17.979166
362,2400452,tipeee,https://www.tipeee.com/doc-geraud-game-anatomy,[],[],2022-04-14 20:54:24.255130
363,1493188,tipeee,https://www.tipeee.com/absol-videos,€79,36,2022-04-14 20:54:30.337769
364,241974,tipeee,https://www.tipeee.com/olivierwahwah,€329,51,2022-04-14 20:54:36.082315
365,1535261,tipeee,https://fr.tipeee.com/flechme,25 €,2,2022-04-14 20:54:41.744398
366,2173165,tipeee,https://fr.tipeee.com/academy-deken,0 €,0,2022-04-14 20:54:47.662205
367,1551120,tipeee,https://fr.tipeee.com/nat-le-pro,0 €,0,2022-04-14 20:54:53.308101
368,1454040,tipeee,https://fr.tipeee.com/v2f,25 €,5,2022-04-14 20:54:58.926201
369,111779,tipeee,https://fr.tipeee.com/benjamin-workshop,15 €,6,2022-04-14 20:55:04.844301
370,1445981,tipeee,https://en.tipeee.com/whiteshark67ytb,€0,0,2022-04-14 20:55:10.515422
371,2209845,tipeee,https://www.tipeee.com/sylartichot,[],[],2022-04-14 20:55:16.165709
372,160840,tipeee,https://www.tipeee.com/le-cinema-de-durendal,"€2,005",388,2022-04-14 20:55:22.487311
373,853942,tipeee,https://fr.tipeee.com/nalfeinn,[],5,2022-04-14 20:55:28.336617
374,2220694,tipeee,https://www.tipeee.com/emygeek,[],[],2022-04-14 20:55:34.738695
375,210701,tipeee,https://en.tipeee.com/audreyredac,€0,0,2022-04-14 20:55:40.559323
376,801110,tipeee,http://tipeee.com/bill-silverlight,€112,23,2022-04-14 20:55:47.329793
377,1802115,tipeee,https://www.tipeee.com/dead-will-fait-son-cinema,€105,26,2022-04-14 20:55:55.625592
378,2191307,tipeee,https://www.tipeee.com/technoidfr,€12,4,2022-04-14 20:56:01.343683
379,261075,tipeee,https://fr.tipeee.com/la-bible-du-jardinage,[],0,2022-04-14 20:56:06.989441
380,1863113,tipeee,https://fr.tipeee.com/camille-et-justine,154 €,29,2022-04-14 20:56:12.757381
381,1004191,tipeee,https://fr.tipeee.com/slobodan-compagnie,0 €,0,2022-04-14 20:56:18.570212
382,2249753,tipeee,https://fr.tipeee.com/richardsurterre,1 558 €,150,2022-04-14 20:56:24.629043
383,2318594,tipeee,https://www.tipeee.com/hugodecrypte,€32,15,2022-04-14 20:56:30.525386
384,1524302,tipeee,https://fr.tipeee.com/p-a-u-l,660 €,225,2022-04-14 20:56:36.203573
385,2229451,tipeee,https://fr.tipeee.com/mountainsandcoconuts,0 €,0,2022-04-14 20:56:42.506446
386,2321246,tipeee,https://fr.tipeee.com/neogeo,108 €,12,2022-04-14 20:56:48.218670
387,887741,tipeee,https://fr.tipeee.com/okami-prod-dante,0 €,0,2022-04-14 20:56:54.034989
388,26704,tipeee,https://fr.tipeee.com/psyhodelik,31 €,3,2022-04-14 20:57:00.771006
389,36495,tipeee,https://fr.tipeee.com/lagrotte_dubarbu,102 €,26,2022-04-14 20:57:06.610303
390,4152,tipeee,https://www.tipeee.com/l-esprit-sorcier,€594,190,2022-04-14 20:57:12.446496
391,641700,tipeee,https://fr.tipeee.com/wtf-japan,0 €,0,2022-04-14 20:57:18.156862
392,2315522,tipeee,https://www.tipeee.com/tn-dna,€1,1,2022-04-14 20:57:24.038703
393,70975,tipeee,https://en.tipeee.com/madame-patachouÃ¢Â\x8eÂª,[],[],2022-04-14 20:57:29.945118
394,1631801,tipeee,https://fr.tipeee.com/paris-street-racing,138 €,25,2022-04-14 20:57:35.665886
395,2318039,tipeee,https://www.tipeee.com/undropdanslamare,[],[],2022-04-14 20:57:41.392894
396,2051516,tipeee,https://fr.tipeee.com/lionel-camy,[],43,2022-04-14 20:57:48.674955
397,1519997,tipeee,https://fr.tipeee.com/yunatahel,32 €,9,2022-04-14 20:57:54.712911
398,1311368,tipeee,https://www.tipeee.com/cyrilretrops1,€1,1,2022-04-14 20:58:02.054291
399,1764406,tipeee,https://fr.tipeee.com/trash,5 €,4,2022-04-14 20:58:08.141093
400,200931,tipeee,https://www.tipeee.com/absol-videos,€79,36,2022-04-14 20:58:14.730291
401,2027555,tipeee,https://fr.tipeee.com/eddiedavid,0 €,0,2022-04-14 20:58:20.579814
402,880753,tipeee,https://fr.tipeee.com/jo-urbex,1 €,1,2022-04-14 20:58:27.458344
403,2020443,tipeee,https://fr.tipeee.com/shyvahna,20 €,1,2022-04-14 20:58:33.364210
404,427531,tipeee,https://fr.tipeee.com/sauvage_co,[],[],2022-04-14 20:58:39.035036
405,2234737,tipeee,https://fr.tipeee.com/telecrayon,1 €,1,2022-04-14 20:58:44.864887
406,1830971,tipeee,https://fr.tipeee.com/grimoirest,114 €,24,2022-04-14 20:58:50.556549
407,3793,tipeee,https://fr.tipeee.com/glb-gaillard-le-bricoleur,[],0,2022-04-14 20:58:56.192266
408,2238893,tipeee,https://fr.tipeee.com/neezay,[],[],2022-04-14 20:59:01.778282
409,2264257,tipeee,https://fr.tipeee.com/kriistof,6 €,2,2022-04-14 20:59:07.372629
410,2205178,tipeee,http://tipeee.com/chocmiel,€0,0,2022-04-14 20:59:13.141529
411,414343,tipeee,https://en.tipeee.com/mathrix,€0,0,2022-04-14 20:59:20.297938
412,614977,tipeee,https://fr.tipeee.com/don-scrimocraft,0 €,0,2022-04-14 20:59:25.893612
413,1337431,tipeee,https://fr.tipeee.com/dycoshtv,[],9,2022-04-14 20:59:32.355447
414,2243348,tipeee,https://www.tipeee.com/l-esprit-viking,€789,89,2022-04-14 20:59:38.441981
